{
    "LinearRegression": {
        "Mse": 0.07836719008499572,
        "Mae": 0.21643037721746358,
        "r2_score": 0.8007221881973658
    },
    "Lasso": {
        "Mse": 0.080792983022854,
        "Mae": 0.22440938731526403,
        "r2_score": 0.7945537048305591
    },
    "Ridge": {
        "Mse": 0.0784457668171749,
        "Mae": 0.2163612743153702,
        "r2_score": 0.8005223775466295
    },
    "DecisionTreeRegressor": {
        "Mse": 0.0949169798921896,
        "Mae": 0.219304010084249,
        "r2_score": 0.7586381745304962
    },
    "ElasticNet": {
        "Mse": 0.39327056230965307,
        "Mae": 0.5030750119572143,
        "r2_score": -3.70948410968186e-05
    },
    "RandomForestRegressor": {
        "Mse": 0.05186212838372915,
        "Mae": 0.1721896919225064,
        "r2_score": 0.8681211939776367
    },
    "KNeighborsRegressor": {
        "Mse": 0.05912908965751177,
        "Mae": 0.18263269660221215,
        "r2_score": 0.849642234357887
    },
    "GradientBoostingRegressor": {
        "Mse": 0.048379527041364355,
        "Mae": 0.16719307133908654,
        "r2_score": 0.8769770069031054
    },
    "AdaBoostRegressor": {
        "Mse": 0.08136057861481177,
        "Mae": 0.23502126550927033,
        "r2_score": 0.7931103813244912
    },
    "ExtraTreesRegressor": {
        "Mse": 0.0625965172463879,
        "Mae": 0.18599247841623318,
        "r2_score": 0.8408250063604829
    },
    "SVR": {
        "Mse": 0.05555035208439823,
        "Mae": 0.17244430361787355,
        "r2_score": 0.8587425095089094
    },
    "XGBRegressor": {
        "Mse": 0.04934945704354596,
        "Mae": 0.16559409062619246,
        "r2_score": 0.8745105980880536
    }
}